,id
,1250788891399000065
,1250821751015190530
,1250821203876556800
,1250807366238568448
,1250817197217329153
,1250797443253493762
,1250822469428015107
,1250824370790060033


,1251058165787000833
,1251081472787742721
,1251082401629028353
,1250978703171031040
,1251051674019467265
,1251076345649651713
,1251083186517336064
,1251082902512660481
,1251083440130310145
,1251076650319720448
,1251075800352391169
,1250978703171031040
,1251083492248649728
,1250997705121431553
,1251080536262656000
,1251054902127853568
